<?xml version="1.0" encoding="UTF-8"?>
<alto xmlns:xsi="http://www.w3.org/2001/XMLSchema-instance"
      xmlns="http://www.loc.gov/standards/alto/ns-v4#"
      xsi:schemaLocation="http://www.loc.gov/standards/alto/ns-v4# http://www.loc.gov/standards/alto/v4/alto-4-2.xsd">
  <Description>
    <MeasurementUnit>pixel</MeasurementUnit>
    <sourceImageInformation>
      <fileName>05dracula.pdf_page_55.png</fileName>
      
    </sourceImageInformation>
  </Description>
  
  <Tags>
    <OtherTag ID="BT1768" LABEL="MainZone" DESCRIPTION="block type MainZone"/><OtherTag ID="BT1769" LABEL="NumberingZone:page" DESCRIPTION="block type NumberingZone:page"/><OtherTag ID="BT1" LABEL="Title" DESCRIPTION="block type Title"/>
    <OtherTag ID="LT751" LABEL="HeadingLine" DESCRIPTION="line type HeadingLine"/><OtherTag ID="LT752" LABEL="DefaultLine" DESCRIPTION="line type DefaultLine"/>
  </Tags>
  
  <Layout>
    <Page WIDTH="2550"
          HEIGHT="3300"
          PHYSICAL_IMG_NR="54"
          ID="eSc_dummypage_">
      <PrintSpace HPOS="0"
                  VPOS="0"
                  WIDTH="2550"
                  HEIGHT="3300">
        
        <TextBlock HPOS="345"
                   VPOS="271"
                   WIDTH="1865"
                   HEIGHT="2634"
                   ID="eSc_textblock_b59ad360"
                   TAGREFS="BT1768">
          <Shape><Polygon POINTS="345 278 356 2902 2210 2905 2183 271"/></Shape>
          
          
          <TextLine ID="eSc_line_05642804"
                    TAGREFS="LT752"
                    BASELINE="365 356 2186 352" 
                    HPOS="360"
                    VPOS="302"
                    WIDTH="1824"
                    HEIGHT="63">
            <Shape><Polygon POINTS="363 354 363 365 2181 363 2184 352 2175 302 360 305 363 354"/></Shape>
	    <String CONTENT="deal with me. Little girl, your honesty and pluck have made me a friend, and"
                    HPOS="360"
                    VPOS="302"
                    WIDTH="1824"
                    HEIGHT="63"></String>
          </TextLine>

          
          
          <TextLine ID="eSc_line_2306c156"
                    TAGREFS="LT752"
                    BASELINE="365 415 2184 409" 
                    HPOS="363"
                    VPOS="365"
                    WIDTH="1821"
                    HEIGHT="66">
            <Shape><Polygon POINTS="363 368 365 415 365 431 2181 426 2184 409 2175 371 2164 365"/></Shape>
	    <String CONTENT="that&#39;s rarer than a lover, it’s more selfish anyhow. My dear, I&#39;m going to have a"
                    HPOS="363"
                    VPOS="365"
                    WIDTH="1821"
                    HEIGHT="66"></String>
          </TextLine>

          
          
          <TextLine ID="eSc_line_287360ea"
                    TAGREFS="LT752"
                    BASELINE="368 484 2181 478" 
                    HPOS="365"
                    VPOS="431"
                    WIDTH="1816"
                    HEIGHT="72">
            <Shape><Polygon POINTS="2162 431 365 434 368 484 368 503 2178 489 2181 478 2175 451 2162 431"/></Shape>
	    <String CONTENT="pretty lonely walk between this and Kingdom Come. Won&#39;t you give me one"
                    HPOS="365"
                    VPOS="431"
                    WIDTH="1816"
                    HEIGHT="72"></String>
          </TextLine>

          
          
          <TextLine ID="eSc_line_34509faa"
                    TAGREFS="LT752"
                    BASELINE="368 544 2181 544" 
                    HPOS="368"
                    VPOS="492"
                    WIDTH="1813"
                    HEIGHT="69">
            <Shape><Polygon POINTS="368 544 368 561 2181 561 2181 544 2181 500 368 492 368 544"/></Shape>
	    <String CONTENT="kiss? It&#39;Il be something to keep off the darkness now and then. You can, you"
                    HPOS="368"
                    VPOS="492"
                    WIDTH="1813"
                    HEIGHT="69"></String>
          </TextLine>

          
          
          <TextLine ID="eSc_line_ab2240c7"
                    TAGREFS="LT752"
                    BASELINE="368 610 2184 610" 
                    HPOS="368"
                    VPOS="558"
                    WIDTH="1816"
                    HEIGHT="69">
            <Shape><Polygon POINTS="368 610 368 627 2184 627 2184 610 2184 563 368 558 368 610"/></Shape>
	    <String CONTENT="know, if you like, for that other good fellow, or you could not love him, hasn&#39;t"
                    HPOS="368"
                    VPOS="558"
                    WIDTH="1816"
                    HEIGHT="69"></String>
          </TextLine>

          
          
          <TextLine ID="eSc_line_04180a0e"
                    TAGREFS="LT752"
                    BASELINE="371 676 649 676" 
                    HPOS="371"
                    VPOS="632"
                    WIDTH="278"
                    HEIGHT="58">
            <Shape><Polygon POINTS="371 676 371 690 649 690 649 676 649 632 371 632 371 676"/></Shape>
	    <String CONTENT="spoken yet.&quot;"
                    HPOS="371"
                    VPOS="632"
                    WIDTH="278"
                    HEIGHT="58"></String>
          </TextLine>

          
          
          <TextLine ID="eSc_line_55277980"
                    TAGREFS="LT752"
                    BASELINE="473 797 2189 797" 
                    HPOS="473"
                    VPOS="739"
                    WIDTH="1716"
                    HEIGHT="77">
            <Shape><Polygon POINTS="2178 753 2170 748 473 739 473 797 473 811 2186 816 2189 797 2189 759 2178 753"/></Shape>
	    <String CONTENT="That quite won me, Mina, for it was brave and sweet of him, and noble too,"
                    HPOS="473"
                    VPOS="739"
                    WIDTH="1716"
                    HEIGHT="77"></String>
          </TextLine>

          
          
          <TextLine ID="eSc_line_8c2830f9"
                    TAGREFS="LT752"
                    BASELINE="368 863 1870 863" 
                    HPOS="368"
                    VPOS="816"
                    WIDTH="1502"
                    HEIGHT="61">
            <Shape><Polygon POINTS="368 863 368 877 1870 877 1870 863 1870 816 368 816 368 863"/></Shape>
	    <String CONTENT="to a rival, wasn&#39;t it? And he so sad, so I leant over and kissed him."
                    HPOS="368"
                    VPOS="816"
                    WIDTH="1502"
                    HEIGHT="61"></String>
          </TextLine>

          
          
          <TextLine ID="eSc_line_40c82823"
                    TAGREFS="LT752"
                    BASELINE="470 984 2192 984" 
                    HPOS="470"
                    VPOS="929"
                    WIDTH="1722"
                    HEIGHT="72">
            <Shape><Polygon POINTS="497 932 470 932 470 984 470 998 2186 1001 2192 984 2189 937 522 929 497 932"/></Shape>
	    <String CONTENT="He stood up with my two hands in his, and as he looked down into my face,"
                    HPOS="470"
                    VPOS="929"
                    WIDTH="1722"
                    HEIGHT="72"></String>
          </TextLine>

          
          
          <TextLine ID="eSc_line_188faabf"
                    TAGREFS="LT752"
                    BASELINE="368 1050 2181 1050" 
                    HPOS="368"
                    VPOS="995"
                    WIDTH="1813"
                    HEIGHT="69">
            <Shape><Polygon POINTS="368 998 368 1050 368 1064 2181 1064 2181 1050 2181 1003 374 995 368 998"/></Shape>
	    <String CONTENT="I am afraid I was blushing very much, he said, &quot;Little girl, I hold your hand,"
                    HPOS="368"
                    VPOS="995"
                    WIDTH="1813"
                    HEIGHT="69"></String>
          </TextLine>

          
          
          <TextLine ID="eSc_line_e6c5560c"
                    TAGREFS="LT752"
                    BASELINE="368 1116 2181 1111" 
                    HPOS="368"
                    VPOS="1053"
                    WIDTH="1813"
                    HEIGHT="77">
            <Shape><Polygon POINTS="1372 1053 382 1067 368 1091 368 1116 368 1130 2178 1124 2181 1111 2175 1067 1375 1053 1372 1053"/></Shape>
	    <String CONTENT="and youve kissed me, and if these things dont make us friends nothing ever"
                    HPOS="368"
                    VPOS="1053"
                    WIDTH="1813"
                    HEIGHT="77"></String>
          </TextLine>

          
          
          <TextLine ID="eSc_line_0205bbb1"
                    TAGREFS="LT752"
                    BASELINE="371 1179 1749 1179" 
                    HPOS="371"
                    VPOS="1122"
                    WIDTH="1378"
                    HEIGHT="74">
            <Shape><Polygon POINTS="371 1179 371 1196 1749 1196 1749 1179 1746 1122 371 1130 371 1179"/></Shape>
	    <String CONTENT="will. Thank you for your sweet honesty to me, and goodbye.&quot;"
                    HPOS="371"
                    VPOS="1122"
                    WIDTH="1378"
                    HEIGHT="74"></String>
          </TextLine>

          
          
          <TextLine ID="eSc_line_138345d9"
                    TAGREFS="LT752"
                    BASELINE="470 1298 2181 1303" 
                    HPOS="467"
                    VPOS="1245"
                    WIDTH="1714"
                    HEIGHT="69">
            <Shape><Polygon POINTS="2175 1287 2156 1254 547 1245 525 1248 497 1248 470 1251 470 1298 467 1311 2175 1314 2181 1303 2178 1256 2175 1254 2175 1287"/></Shape>
	    <String CONTENT="He wrung my hand, and taking up his hat, went straight out of the room"
                    HPOS="467"
                    VPOS="1245"
                    WIDTH="1714"
                    HEIGHT="69"></String>
          </TextLine>

          
          
          <TextLine ID="eSc_line_030e19b9"
                    TAGREFS="LT752"
                    BASELINE="371 1361 2181 1369" 
                    HPOS="368"
                    VPOS="1317"
                    WIDTH="1813"
                    HEIGHT="66">
            <Shape><Polygon POINTS="2173 1320 387 1317 374 1333 371 1361 368 1375 2175 1383 2181 1369 2178 1328 2173 1320"/></Shape>
	    <String CONTENT="without looking back, without a tear or a quiver or a pause, and I am crying like"
                    HPOS="368"
                    VPOS="1317"
                    WIDTH="1813"
                    HEIGHT="66"></String>
          </TextLine>

          
          
          <TextLine ID="eSc_line_974466ff"
                    TAGREFS="LT752"
                    BASELINE="365 1432 547 1432" 
                    HPOS="365"
                    VPOS="1388"
                    WIDTH="182"
                    HEIGHT="61">
            <Shape><Polygon POINTS="365 1402 365 1432 365 1449 547 1449 547 1432 547 1388 374 1388 365 1402"/></Shape>
	    <String CONTENT="a baby."
                    HPOS="365"
                    VPOS="1388"
                    WIDTH="182"
                    HEIGHT="61"></String>
          </TextLine>

          
          
          <TextLine ID="eSc_line_c282fd15"
                    TAGREFS="LT752"
                    BASELINE="467 1551 2181 1556" 
                    HPOS="464"
                    VPOS="1504"
                    WIDTH="1717"
                    HEIGHT="63">
            <Shape><Polygon POINTS="715 1507 687 1507 660 1507 632 1507 605 1507 577 1507 550 1507 522 1507 495 1507 467 1507 467 1551 464 1562 2175 1567 2181 1556 2178 1509 731 1504 715 1507"/></Shape>
	    <String CONTENT="Oh, why must a man like that be made unhappy when there are lots of girls"
                    HPOS="464"
                    VPOS="1504"
                    WIDTH="1717"
                    HEIGHT="63"></String>
          </TextLine>

          
          
          <TextLine ID="eSc_line_09942f95"
                    TAGREFS="LT752"
                    BASELINE="365 1617 2181 1622" 
                    HPOS="363"
                    VPOS="1567"
                    WIDTH="1818"
                    HEIGHT="63">
            <Shape><Polygon POINTS="393 1570 365 1584 365 1617 363 1625 2175 1630 2181 1622 2178 1573 398 1567 393 1570"/></Shape>
	    <String CONTENT="about who would worship the very ground he trod on? I know I would if I were"
                    HPOS="363"
                    VPOS="1567"
                    WIDTH="1818"
                    HEIGHT="63"></String>
          </TextLine>

          
          
          <TextLine ID="eSc_line_ca67cb47"
                    TAGREFS="LT752"
                    BASELINE="368 1685 2181 1680" 
                    HPOS="365"
                    VPOS="1625"
                    WIDTH="1816"
                    HEIGHT="71">
            <Shape><Polygon POINTS="368 1685 368 1696 2178 1694 2181 1680 2175 1630 379 1625 376 1625 374 1625 371 1625 371 1628 368 1628 365 1630 368 1685"/></Shape>
	    <String CONTENT="free, only I don&#39;t want to be free. My dear, this quite upset me, and I feel I"
                    HPOS="365"
                    VPOS="1625"
                    WIDTH="1816"
                    HEIGHT="71"></String>
          </TextLine>

          
          
          <TextLine ID="eSc_line_3354de27"
                    TAGREFS="LT752"
                    BASELINE="365 1749 2181 1743" 
                    HPOS="363"
                    VPOS="1699"
                    WIDTH="1818"
                    HEIGHT="66">
            <Shape><Polygon POINTS="365 1749 365 1765 2178 1760 2181 1743 2173 1699 363 1702 365 1749"/></Shape>
	    <String CONTENT="cannot write of happiness just at once, after telling you of it, and I don&#39;t wish to"
                    HPOS="363"
                    VPOS="1699"
                    WIDTH="1818"
                    HEIGHT="66"></String>
          </TextLine>

          
          
          <TextLine ID="eSc_line_90e29b3d"
                    TAGREFS="LT752"
                    BASELINE="368 1815 1936 1809" 
                    HPOS="365"
                    VPOS="1754"
                    WIDTH="1571"
                    HEIGHT="72">
            <Shape><Polygon POINTS="805 1812 778 1812 750 1812 723 1809 695 1809 668 1809 640 1809 613 1809 585 1809 558 1809 530 1806 503 1812 475 1812 448 1812 420 1812 393 1812 365 1812 368 1815 368 1826 1936 1820 1936 1809 1931 1776 1812 1754 1810 1754 1603 1768 1488 1754 1485 1754 1482 1754 1479 1754 1463 1768 1279 1754 1276 1754 1273 1754 1270 1754 1246 1771 1204 1754 1202 1754 1199 1754 1092 1771 1072 1757 1070 1757 1067 1757 1064 1757 924 1771 827 1757 805 1812"/></Shape>
	    <String CONTENT="tell of the number Three until it can be all happy. Ever your loving..."
                    HPOS="365"
                    VPOS="1754"
                    WIDTH="1571"
                    HEIGHT="72"></String>
          </TextLine>

          
          
          <TextLine ID="eSc_line_0bb0c725"
                    TAGREFS="LT752"
                    BASELINE="470 1938 602 1938" 
                    HPOS="470"
                    VPOS="1881"
                    WIDTH="132"
                    HEIGHT="74">
            <Shape><Polygon POINTS="470 1938 470 1955 602 1955 602 1938 602 1889 470 1881 470 1938"/></Shape>
	    <String CONTENT=" Lucy"
                    HPOS="470"
                    VPOS="1881"
                    WIDTH="132"
                    HEIGHT="74"></String>
          </TextLine>

          
          
          <TextLine ID="eSc_line_6a467072"
                    TAGREFS="LT752"
                    BASELINE="470 2178 2181 2183" 
                    HPOS="467"
                    VPOS="2136"
                    WIDTH="1714"
                    HEIGHT="58">
            <Shape><Polygon POINTS="2148 2136 2120 2136 2093 2136 2065 2136 2038 2136 2010 2136 1983 2136 1955 2136 1928 2136 1900 2136 1873 2136 1845 2136 1818 2136 1790 2136 1763 2136 1735 2136 1708 2136 1680 2136 1653 2136 1625 2136 1598 2136 1570 2136 1543 2136 1515 2136 1488 2136 1460 2136 1433 2136 1405 2136 1378 2136 1350 2136 1323 2136 1295 2136 1268 2136 1240 2136 1213 2136 1185 2136 1158 2136 1130 2136 1103 2136 1075 2136 1048 2136 1020 2136 993 2136 965 2136 938 2136 910 2136 883 2136 855 2136 827 2136 800 2136 772 2136 745 2136 717 2136 690 2136 662 2136 635 2136 607 2136 580 2136 552 2136 525 2136 497 2136 470 2139 470 2178 467 2191 2175 2194 2181 2183 2175 2136 2148 2136"/></Shape>
	    <String CONTENT="P.S.--Oh, about number Three, I needn&#39;t tell you of number Three, need I?"
                    HPOS="467"
                    VPOS="2136"
                    WIDTH="1714"
                    HEIGHT="58"></String>
          </TextLine>

          
          
          <TextLine ID="eSc_line_b48d5f6f"
                    TAGREFS="LT752"
                    BASELINE="368 2249 2181 2244" 
                    HPOS="365"
                    VPOS="2197"
                    WIDTH="1816"
                    HEIGHT="66">
            <Shape><Polygon POINTS="393 2202 365 2211 368 2249 368 2263 2178 2257 2181 2244 2159 2197 407 2197 393 2202"/></Shape>
	    <String CONTENT="Besides, it was all so confused. It seemed only a moment from his coming into"
                    HPOS="365"
                    VPOS="2197"
                    WIDTH="1816"
                    HEIGHT="66"></String>
          </TextLine>

          
          
          <TextLine ID="eSc_line_85b11a05"
                    TAGREFS="LT752"
                    BASELINE="368 2312 2173 2318" 
                    HPOS="365"
                    VPOS="2260"
                    WIDTH="1808"
                    HEIGHT="69">
            <Shape><Polygon POINTS="368 2312 365 2321 2167 2329 2173 2318 2170 2266 368 2260 368 2312"/></Shape>
	    <String CONTENT="the room till both his arms were round me, and he was kissing me. I am very,"
                    HPOS="365"
                    VPOS="2260"
                    WIDTH="1808"
                    HEIGHT="69"></String>
          </TextLine>

          
          
          <TextLine ID="eSc_line_db6ae849"
                    TAGREFS="LT752"
                    BASELINE="371 2378 2181 2378" 
                    HPOS="371"
                    VPOS="2329"
                    WIDTH="1810"
                    HEIGHT="63">
            <Shape><Polygon POINTS="371 2378 371 2392 2181 2392 2181 2378 2162 2329 371 2329 371 2378"/></Shape>
	    <String CONTENT="very happy, and I dont know what I have done to deserve it. I must only try in"
                    HPOS="371"
                    VPOS="2329"
                    WIDTH="1810"
                    HEIGHT="63"></String>
          </TextLine>

          
          
          <TextLine ID="eSc_line_a5345984"
                    TAGREFS="LT752"
                    BASELINE="365 2442 2181 2442" 
                    HPOS="365"
                    VPOS="2395"
                    WIDTH="1816"
                    HEIGHT="63">
            <Shape><Polygon POINTS="365 2431 365 2442 365 2458 2181 2458 2181 2442 2159 2395 385 2395 365 2431"/></Shape>
	    <String CONTENT="the future to show that l am not ungrateful to God for all His goodness to me in"
                    HPOS="365"
                    VPOS="2395"
                    WIDTH="1816"
                    HEIGHT="63"></String>
          </TextLine>

          
          
          <TextLine ID="eSc_line_cbf00fc6"
                    TAGREFS="LT752"
                    BASELINE="371 2508 1790 2508" 
                    HPOS="371"
                    VPOS="2461"
                    WIDTH="1419"
                    HEIGHT="63">
            <Shape><Polygon POINTS="371 2508 371 2524 1790 2524 1790 2508 1790 2461 371 2461 371 2508"/></Shape>
	    <String CONTENT="sending to me such a lover, such a husband, and such a friend."
                    HPOS="371"
                    VPOS="2461"
                    WIDTH="1419"
                    HEIGHT="63"></String>
          </TextLine>

          
          
          <TextLine ID="eSc_line_1378a6de"
                    TAGREFS="LT752"
                    BASELINE="467 2629 706 2629" 
                    HPOS="467"
                    VPOS="2585"
                    WIDTH="239"
                    HEIGHT="60">
            <Shape><Polygon POINTS="687 2607 665 2585 489 2585 470 2609 467 2629 467 2645 706 2645 706 2629 698 2618 687 2607"/></Shape>
	    <String CONTENT="Goodbye."
                    HPOS="467"
                    VPOS="2585"
                    WIDTH="239"
                    HEIGHT="60"></String>
          </TextLine>

          
          
          <TextLine ID="eSc_line_7ae3e215"
                    TAGREFS="LT752"
                    BASELINE="470 2876 1562 2871" 
                    HPOS="467"
                    VPOS="2829"
                    WIDTH="1095"
                    HEIGHT="61">
            <Shape><Polygon POINTS="1540 2829 1512 2829 1485 2829 1457 2829 1430 2829 1402 2829 1375 2829 1347 2829 1320 2829 1292 2829 1265 2829 1237 2829 1210 2829 1182 2829 1155 2829 1127 2829 1100 2829 1072 2829 1045 2829 1017 2829 990 2829 962 2829 935 2829 907 2829 880 2829 852 2829 825 2829 797 2829 770 2829 742 2829 715 2829 687 2829 660 2829 632 2829 605 2829 577 2829 550 2829 522 2829 495 2829 467 2840 470 2876 470 2890 1562 2887 1562 2871 1556 2860 1540 2829"/></Shape>
	    <String CONTENT="DR. SEWARD&#39;S DIARY (Kept in phonograph)"
                    HPOS="467"
                    VPOS="2829"
                    WIDTH="1095"
                    HEIGHT="61"></String>
          </TextLine>

          
        </TextBlock>
        

        
      </PrintSpace>
    </Page>
  </Layout>
</alto>
