<?xml version="1.0" encoding="UTF-8"?>
<alto xmlns:xsi="http://www.w3.org/2001/XMLSchema-instance"
      xmlns="http://www.loc.gov/standards/alto/ns-v4#"
      xsi:schemaLocation="http://www.loc.gov/standards/alto/ns-v4# http://www.loc.gov/standards/alto/v4/alto-4-2.xsd">
  <Description>
    <MeasurementUnit>pixel</MeasurementUnit>
    <sourceImageInformation>
      <fileName>05dracula.pdf_page_54.png</fileName>
      
    </sourceImageInformation>
  </Description>
  
  <Tags>
    <OtherTag ID="BT1768" LABEL="MainZone" DESCRIPTION="block type MainZone"/><OtherTag ID="BT1769" LABEL="NumberingZone:page" DESCRIPTION="block type NumberingZone:page"/><OtherTag ID="BT1" LABEL="Title" DESCRIPTION="block type Title"/>
    <OtherTag ID="LT751" LABEL="HeadingLine" DESCRIPTION="line type HeadingLine"/><OtherTag ID="LT752" LABEL="DefaultLine" DESCRIPTION="line type DefaultLine"/>
  </Tags>
  
  <Layout>
    <Page WIDTH="2550"
          HEIGHT="3300"
          PHYSICAL_IMG_NR="53"
          ID="eSc_dummypage_">
      <PrintSpace HPOS="0"
                  VPOS="0"
                  WIDTH="2550"
                  HEIGHT="3300">
        
        <TextBlock HPOS="313"
                   VPOS="206"
                   WIDTH="1906"
                   HEIGHT="2768"
                   ID="eSc_textblock_aba0787f"
                   TAGREFS="BT1768">
          <Shape><Polygon POINTS="313 206 313 2974 2219 2974 2219 206"/></Shape>
          
          
          <TextLine ID="eSc_line_6599a185"
                    TAGREFS="LT752"
                    BASELINE="365 352 2184 352" 
                    HPOS="363"
                    VPOS="308"
                    WIDTH="1818"
                    HEIGHT="57">
            <Shape><Polygon POINTS="363 365 2181 365 2181 352 2181 308 363 308 363 352"/></Shape>
	    <String CONTENT=" alongside of me and let us go down the long road together, driving in double"
                    HPOS="363"
                    VPOS="308"
                    WIDTH="1818"
                    HEIGHT="57"></String>
          </TextLine>

          
          
          <TextLine ID="eSc_line_8096ac1c"
                    TAGREFS="LT752"
                    BASELINE="365 418 608 407" 
                    HPOS="360"
                    VPOS="363"
                    WIDTH="247"
                    HEIGHT="63">
            <Shape><Polygon POINTS="363 418 363 426 605 418 607 407 599 363 360 368 363 418"/></Shape>
	    <String CONTENT="harness?&quot;"
                    HPOS="360"
                    VPOS="363"
                    WIDTH="247"
                    HEIGHT="63"></String>
          </TextLine>

          
          
          <TextLine ID="eSc_line_0afef768"
                    TAGREFS="LT752"
                    BASELINE="473 546 2184 539" 
                    HPOS="467"
                    VPOS="489"
                    WIDTH="1714"
                    HEIGHT="61">
            <Shape><Polygon POINTS="470 550 2181 547 2181 539 2175 489 467 489 470 544"/></Shape>
	    <String CONTENT="Well, he did look so good humoured and so jolly that it didn&#39;t seem half so"
                    HPOS="467"
                    VPOS="489"
                    WIDTH="1714"
                    HEIGHT="61"></String>
          </TextLine>

          
          
          <TextLine ID="eSc_line_71173d49"
                    TAGREFS="LT752"
                    BASELINE="365 605 2181 599" 
                    HPOS="363"
                    VPOS="552"
                    WIDTH="1818"
                    HEIGHT="66">
            <Shape><Polygon POINTS="365 618 2178 613 2181 599 2173 552 363 555 365 605"/></Shape>
	    <String CONTENT="hard to refuse him as it did poor Dr. Seward. So I said, as lightly as I could, that"
                    HPOS="363"
                    VPOS="552"
                    WIDTH="1818"
                    HEIGHT="66"></String>
          </TextLine>

          
          
          <TextLine ID="eSc_line_955ffc96"
                    TAGREFS="LT752"
                    BASELINE="368 671 2181 665" 
                    HPOS="363"
                    VPOS="616"
                    WIDTH="1815"
                    HEIGHT="66">
            <Shape><Polygon POINTS="365 671 365 682 2175 679 2178 662 2170 616 363 618 365 671"/></Shape>
	    <String CONTENT="I did not know anything of hitching, and that I wasn&#39;t broken to harness at all"
                    HPOS="363"
                    VPOS="616"
                    WIDTH="1815"
                    HEIGHT="66"></String>
          </TextLine>

          
          
          <TextLine ID="eSc_line_7c5da199"
                    TAGREFS="LT752"
                    BASELINE="368 737 2181 731" 
                    HPOS="365"
                    VPOS="671"
                    WIDTH="1816"
                    HEIGHT="85">
            <Shape><Polygon POINTS="368 737 368 756 2178 742 2181 731 2175 684 1331 671 1328 671 1325 671 1268 684 470 673 467 673 365 687 368 737"/></Shape>
	    <String CONTENT="yet. Then he said that he had spoken in a light manner, and he hoped that il he"
                    HPOS="365"
                    VPOS="671"
                    WIDTH="1816"
                    HEIGHT="85"></String>
          </TextLine>

          
          
          <TextLine ID="eSc_line_e7c0022e"
                    TAGREFS="LT752"
                    BASELINE="368 800 2181 792" 
                    HPOS="365"
                    VPOS="748"
                    WIDTH="1816"
                    HEIGHT="66">
            <Shape><Polygon POINTS="368 800 368 814 2178 805 2181 792 2175 748 365 748 368 800"/></Shape>
	    <String CONTENT="had made a mistake in doing so on so grave, so momentous, and occasion for"
                    HPOS="365"
                    VPOS="748"
                    WIDTH="1816"
                    HEIGHT="66"></String>
          </TextLine>

          
          
          <TextLine ID="eSc_line_8add753e"
                    TAGREFS="LT752"
                    BASELINE="368 866 2181 858" 
                    HPOS="365"
                    VPOS="811"
                    WIDTH="1816"
                    HEIGHT="66">
            <Shape><Polygon POINTS="368 866 368 877 2178 871 2181 858 2173 811 365 811 368 866"/></Shape>
	    <String CONTENT="him, I would forgive him. He really did look serious when he was saying it, and"
                    HPOS="365"
                    VPOS="811"
                    WIDTH="1816"
                    HEIGHT="66"></String>
          </TextLine>

          
          
          <TextLine ID="eSc_line_3d31c97c"
                    TAGREFS="LT752"
                    BASELINE="368 929 2178 929" 
                    HPOS="368"
                    VPOS="874"
                    WIDTH="1810"
                    HEIGHT="69">
            <Shape><Polygon POINTS="368 929 368 943 2178 943 2178 929 2178 882 368 874 368 929"/></Shape>
	    <String CONTENT="I couldn&#39;t help feeling a sort of exultation that he was number Two in one day."
                    HPOS="368"
                    VPOS="874"
                    WIDTH="1810"
                    HEIGHT="69"></String>
          </TextLine>

          
          
          <TextLine ID="eSc_line_dfaa4464"
                    TAGREFS="LT752"
                    BASELINE="365 992 2184 992" 
                    HPOS="365"
                    VPOS="946"
                    WIDTH="1819"
                    HEIGHT="60">
            <Shape><Polygon POINTS="2181 946 365 946 365 992 365 1006 2184 1006 2184 992 2184 973 2181 946"/></Shape>
	    <String CONTENT="And then, my dear, before I could say a word he began pouring out a perfect"
                    HPOS="365"
                    VPOS="946"
                    WIDTH="1819"
                    HEIGHT="60"></String>
          </TextLine>

          
          
          <TextLine ID="eSc_line_e7db3103"
                    TAGREFS="LT752"
                    BASELINE="365 1053 2181 1058" 
                    HPOS="363"
                    VPOS="1003"
                    WIDTH="1818"
                    HEIGHT="66">
            <Shape><Polygon POINTS="365 1053 363 1064 2175 1069 2181 1058 2178 1009 365 1003 365 1053"/></Shape>
	    <String CONTENT="torrent of love-making, laying his very heart and soul at my feet. He looked so"
                    HPOS="363"
                    VPOS="1003"
                    WIDTH="1818"
                    HEIGHT="66"></String>
          </TextLine>

          
          
          <TextLine ID="eSc_line_2df5d517"
                    TAGREFS="LT752"
                    BASELINE="365 1122 2178 1116" 
                    HPOS="363"
                    VPOS="1072"
                    WIDTH="1815"
                    HEIGHT="66">
            <Shape><Polygon POINTS="365 1122 365 1138 2175 1138 2178 1116 2170 1072 363 1075 365 1122"/></Shape>
	    <String CONTENT="earnest over it that I shall never again think that a man must be playful always,"
                    HPOS="363"
                    VPOS="1072"
                    WIDTH="1815"
                    HEIGHT="66"></String>
          </TextLine>

          
          
          <TextLine ID="eSc_line_4b850164"
                    TAGREFS="LT752"
                    BASELINE="368 1188 2181 1188" 
                    HPOS="368"
                    VPOS="1138"
                    WIDTH="1813"
                    HEIGHT="63">
            <Shape><Polygon POINTS="368 1188 368 1201 2181 1201 2181 1188 2181 1138 368 1138 368 1188"/></Shape>
	    <String CONTENT=" and never earnest, because he is merry at times. I suppose he saw something in"
                    HPOS="368"
                    VPOS="1138"
                    WIDTH="1813"
                    HEIGHT="63"></String>
          </TextLine>

          
          
          <TextLine ID="eSc_line_09984d98"
                    TAGREFS="LT752"
                    BASELINE="368 1254 2184 1248" 
                    HPOS="365"
                    VPOS="1190"
                    WIDTH="1819"
                    HEIGHT="75">
            <Shape><Polygon POINTS="467 1190 365 1204 368 1254 368 1265 2181 1259 2184 1248 2178 1193 470 1190 467 1190"/></Shape>
	    <String CONTENT="my face which checked him, for he suddenly stopped, and said with a sort of"
                    HPOS="365"
                    VPOS="1190"
                    WIDTH="1819"
                    HEIGHT="75"></String>
          </TextLine>

          
          
          <TextLine ID="eSc_line_93767f28"
                    TAGREFS="LT752"
                    BASELINE="371 1317 1859 1311" 
                    HPOS="368"
                    VPOS="1254"
                    WIDTH="1491"
                    HEIGHT="79">
            <Shape><Polygon POINTS="1108 1254 1105 1254 1103 1254 1081 1267 467 1256 464 1256 368 1270 371 1317 371 1333 1856 1333 1859 1311 1854 1267 1111 1254 1108 1254"/></Shape>
	    <String CONTENT="manly fervour that l could have loved him for if I had been free..."
                    HPOS="368"
                    VPOS="1254"
                    WIDTH="1491"
                    HEIGHT="79"></String>
          </TextLine>

          
          
          <TextLine ID="eSc_line_e584bc57"
                    TAGREFS="LT752"
                    BASELINE="486 1435 2184 1441" 
                    HPOS="484"
                    VPOS="1377"
                    WIDTH="1700"
                    HEIGHT="72">
            <Shape><Polygon POINTS="514 1383 486 1383 486 1435 484 1443 2178 1449 2184 1441 2181 1394 1416 1394 1350 1383 1298 1377 1295 1377 1064 1380 533 1388 514 1380 514 1383"/></Shape>
	    <String CONTENT="&quot;Lucy, you are an honest hearted girl, I know. I should not be here"
                    HPOS="484"
                    VPOS="1377"
                    WIDTH="1700"
                    HEIGHT="72"></String>
          </TextLine>

          
          
          <TextLine ID="eSc_line_ca35a710"
                    TAGREFS="LT752"
                    BASELINE="368 1504 2181 1498" 
                    HPOS="365"
                    VPOS="1454"
                    WIDTH="1816"
                    HEIGHT="64">
            <Shape><Polygon POINTS="365 1463 368 1504 368 1518 2178 1512 2181 1498 2159 1454 374 1457 365 1463"/></Shape>
	    <String CONTENT="speaking to you as I am now if I did not believe you clean grit, right through to"
                    HPOS="365"
                    VPOS="1454"
                    WIDTH="1816"
                    HEIGHT="64"></String>
          </TextLine>

          
          
          <TextLine ID="eSc_line_59ea505a"
                    TAGREFS="LT752"
                    BASELINE="368 1570 2181 1570" 
                    HPOS="368"
                    VPOS="1520"
                    WIDTH="1813"
                    HEIGHT="64">
            <Shape><Polygon POINTS="368 1570 368 1584 2181 1584 2181 1570 2162 1520 368 1520 368 1570"/></Shape>
	    <String CONTENT="the very depths of your soul. Tell me, like one good fellow to another, is there"
                    HPOS="368"
                    VPOS="1520"
                    WIDTH="1813"
                    HEIGHT="64"></String>
          </TextLine>

          
          
          <TextLine ID="eSc_line_38e9a69f"
                    TAGREFS="LT752"
                    BASELINE="368 1633 2181 1633" 
                    HPOS="368"
                    VPOS="1586"
                    WIDTH="1813"
                    HEIGHT="61">
            <Shape><Polygon POINTS="368 1633 368 1647 2181 1647 2181 1633 2162 1586 368 1586 368 1633"/></Shape>
	    <String CONTENT="any one else that you care for? And if there is l’Il never trouble you a hair&#39;s"
                    HPOS="368"
                    VPOS="1586"
                    WIDTH="1813"
                    HEIGHT="61"></String>
          </TextLine>

          
          
          <TextLine ID="eSc_line_cfa59609"
                    TAGREFS="LT752"
                    BASELINE="368 1699 1911 1699" 
                    HPOS="365"
                    VPOS="1650"
                    WIDTH="1544"
                    HEIGHT="60">
            <Shape><Polygon POINTS="365 1696 365 1710 1909 1710 1909 1696 1909 1652 365 1650 365 1696"/></Shape>
	    <String CONTENT="breadth again, but will be, if you will let me, a very faithful friend.&quot;"
                    HPOS="365"
                    VPOS="1650"
                    WIDTH="1544"
                    HEIGHT="60"></String>
          </TextLine>

          
          
          <TextLine ID="eSc_line_a551b785"
                    TAGREFS="LT752"
                    BASELINE="473 1820 2178 1820" 
                    HPOS="473"
                    VPOS="1762"
                    WIDTH="1705"
                    HEIGHT="75">
            <Shape><Polygon POINTS="2153 1771 599 1762 583 1765 555 1765 528 1768 500 1768 473 1771 473 1820 473 1837 2175 1837 2178 1820 2173 1787 2153 1771"/></Shape>
	    <String CONTENT="My dear Mina, why are men so noble when we women are so little worthy"
                    HPOS="473"
                    VPOS="1762"
                    WIDTH="1705"
                    HEIGHT="75"></String>
          </TextLine>

          
          
          <TextLine ID="eSc_line_25f62d60"
                    TAGREFS="LT752"
                    BASELINE="365 1886 2181 1886" 
                    HPOS="365"
                    VPOS="1837"
                    WIDTH="1816"
                    HEIGHT="63">
            <Shape><Polygon POINTS="2162 1837 365 1837 365 1886 365 1900 2181 1900 2181 1886 2175 1859 2162 1837"/></Shape>
	    <String CONTENT="of them? Here was I almost making fun of this great hearted, true gentleman. I"
                    HPOS="365"
                    VPOS="1837"
                    WIDTH="1816"
                    HEIGHT="63"></String>
          </TextLine>

          
          
          <TextLine ID="eSc_line_915ed609"
                    TAGREFS="LT752"
                    BASELINE="368 1949 2181 1944" 
                    HPOS="365"
                    VPOS="1897"
                    WIDTH="1816"
                    HEIGHT="69">
            <Shape><Polygon POINTS="368 1949 368 1966 2178 1960 2181 1944 2175 1900 365 1897 368 1949"/></Shape>
	    <String CONTENT="burst into tears, I am afraid, my dear, you will think this a very sloppy letter in"
                    HPOS="365"
                    VPOS="1897"
                    WIDTH="1816"
                    HEIGHT="69"></String>
          </TextLine>

          
          
          <TextLine ID="eSc_line_800967f5"
                    TAGREFS="LT752"
                    BASELINE="368 2015 1477 2015" 
                    HPOS="368"
                    VPOS="1969"
                    WIDTH="1109"
                    HEIGHT="60">
            <Shape><Polygon POINTS="368 2015 368 2029 1477 2029 1477 2015 1477 1969 368 1969 368 2015"/></Shape>
	    <String CONTENT=" more ways than one, and I really felt very badly."
                    HPOS="368"
                    VPOS="1969"
                    WIDTH="1109"
                    HEIGHT="60"></String>
          </TextLine>

          
          
          <TextLine ID="eSc_line_410579f0"
                    TAGREFS="LT752"
                    BASELINE="475 2134 2184 2139" 
                    HPOS="473"
                    VPOS="2084"
                    WIDTH="1711"
                    HEIGHT="66">
            <Shape><Polygon POINTS="2181 2134 2153 2090 1320 2084 1301 2084 1273 2084 1246 2084 1218 2087 1191 2087 1163 2087 1136 2087 1108 2087 1081 2087 1053 2087 1026 2087 998 2087 971 2087 943 2087 916 2087 888 2087 861 2087 833 2090 805 2090 778 2090 750 2090 723 2090 695 2090 668 2090 640 2090 613 2090 585 2090 558 2090 530 2090 503 2090 475 2090 475 2134 473 2145 2178 2150 2184 2139 2181 2131 2181 2134"/></Shape>
	    <String CONTENT="Why can&#39;t they let a girl marry three men, or as many as want her, and save"
                    HPOS="473"
                    VPOS="2084"
                    WIDTH="1711"
                    HEIGHT="66"></String>
          </TextLine>

          
          
          <TextLine ID="eSc_line_15685869"
                    TAGREFS="LT752"
                    BASELINE="365 2197 2181 2202" 
                    HPOS="363"
                    VPOS="2150"
                    WIDTH="1818"
                    HEIGHT="63">
            <Shape><Polygon POINTS="2159 2153 382 2150 365 2156 365 2197 363 2208 2175 2213 2181 2202 2178 2191 2159 2153"/></Shape>
	    <String CONTENT="all this trouble? But this is heresy, and I must not say it. I am glad to say that,"
                    HPOS="363"
                    VPOS="2150"
                    WIDTH="1818"
                    HEIGHT="63"></String>
          </TextLine>

          
          
          <TextLine ID="eSc_line_696bdf26"
                    TAGREFS="LT752"
                    BASELINE="365 2268 2181 2263" 
                    HPOS="363"
                    VPOS="2213"
                    WIDTH="1818"
                    HEIGHT="69">
            <Shape><Polygon POINTS="365 2268 365 2282 2178 2277 2181 2263 2173 2213 363 2219 365 2268"/></Shape>
	    <String CONTENT="though I was crying, I was able to look into Mr. Morris&#39; brave eyes, and I told"
                    HPOS="363"
                    VPOS="2213"
                    WIDTH="1818"
                    HEIGHT="69"></String>
          </TextLine>

          
          
          <TextLine ID="eSc_line_78237994"
                    TAGREFS="LT752"
                    BASELINE="365 2334 792 2329" 
                    HPOS="363"
                    VPOS="2268"
                    WIDTH="429"
                    HEIGHT="77">
            <Shape><Polygon POINTS="640 2268 566 2285 555 2285 536 2285 415 2271 412 2271 409 2271 363 2282 365 2334 365 2345 792 2340 792 2329 786 2285 643 2268 640 2268"/></Shape>
	    <String CONTENT="him out straight..."
                    HPOS="363"
                    VPOS="2268"
                    WIDTH="429"
                    HEIGHT="77"></String>
          </TextLine>

          
          
          <TextLine ID="eSc_line_71039f3c"
                    TAGREFS="LT752"
                    BASELINE="497 2455 2184 2455" 
                    HPOS="497"
                    VPOS="2400"
                    WIDTH="1687"
                    HEIGHT="69">
            <Shape><Polygon POINTS="2175 2450 2151 2406 918 2400 910 2400 883 2400 855 2400 827 2400 800 2400 772 2400 745 2400 717 2400 690 2400 662 2400 635 2400 607 2400 580 2400 552 2400 525 2400 497 2400 497 2455 497 2469 2184 2469 2184 2455 2184 2409 2175 2406 2175 2450"/></Shape>
	    <String CONTENT="&quot;Yes, there is some one I love, though he has not told me yet that he even"
                    HPOS="497"
                    VPOS="2400"
                    WIDTH="1687"
                    HEIGHT="69"></String>
          </TextLine>

          
          
          <TextLine ID="eSc_line_5d0a3e57"
                    TAGREFS="LT752"
                    BASELINE="365 2521 2181 2513" 
                    HPOS="363"
                    VPOS="2466"
                    WIDTH="1818"
                    HEIGHT="69">
            <Shape><Polygon POINTS="2153 2466 376 2469 363 2475 365 2521 365 2535 2178 2527 2181 2513 2175 2497 2153 2466"/></Shape>
	    <String CONTENT="loves me.&quot; I was right to speak to him so frankly, for quite a light came into his"
                    HPOS="363"
                    VPOS="2466"
                    WIDTH="1818"
                    HEIGHT="69"></String>
          </TextLine>

          
          
          <TextLine ID="eSc_line_44380aa5"
                    TAGREFS="LT752"
                    BASELINE="368 2585 2181 2585" 
                    HPOS="368"
                    VPOS="2538"
                    WIDTH="1813"
                    HEIGHT="63">
            <Shape><Polygon POINTS="2164 2538 368 2538 368 2585 368 2601 2181 2601 2181 2585 2178 2568 2164 2538"/></Shape>
	    <String CONTENT="face, and he put out both his hands and took mine, I think I put them into his,"
                    HPOS="368"
                    VPOS="2538"
                    WIDTH="1813"
                    HEIGHT="63"></String>
          </TextLine>

          
          
          <TextLine ID="eSc_line_601d3b0a"
                    TAGREFS="LT752"
                    BASELINE="368 2651 979 2645" 
                    HPOS="365"
                    VPOS="2587"
                    WIDTH="614"
                    HEIGHT="75">
            <Shape><Polygon POINTS="671 2587 668 2587 665 2587 665 2590 651 2601 437 2590 434 2590 365 2604 368 2651 368 2662 979 2656 979 2645 973 2601 673 2587 671 2587"/></Shape>
	    <String CONTENT="and said in a hearty way..."
                    HPOS="365"
                    VPOS="2587"
                    WIDTH="614"
                    HEIGHT="75"></String>
          </TextLine>

          
          
          <TextLine ID="eSc_line_1d057e65"
                    TAGREFS="LT752"
                    BASELINE="497 2766 2178 2777" 
                    HPOS="495"
                    VPOS="2719"
                    WIDTH="1683"
                    HEIGHT="69">
            <Shape><Polygon POINTS="1433 2719 1405 2719 1378 2719 1350 2719 1323 2719 1295 2719 1268 2719 1240 2719 1213 2719 1185 2719 1158 2719 1130 2719 1103 2719 1075 2719 1048 2719 1020 2719 993 2719 965 2719 938 2719 910 2719 883 2719 855 2719 827 2719 800 2719 772 2719 745 2719 717 2719 690 2719 662 2719 635 2719 607 2719 580 2719 552 2719 525 2719 497 2719 497 2766 495 2774 2173 2788 2178 2777 2175 2728 1455 2719 1433 2719"/></Shape>
	    <String CONTENT="&quot;That&#39;s my brave girl. It&#39;s better worth being late for a chance of winning"
                    HPOS="495"
                    VPOS="2719"
                    WIDTH="1683"
                    HEIGHT="69"></String>
          </TextLine>

          
          
          <TextLine ID="eSc_line_7e573828"
                    TAGREFS="LT752"
                    BASELINE="368 2838 2184 2838" 
                    HPOS="368"
                    VPOS="2788"
                    WIDTH="1816"
                    HEIGHT="69">
            <Shape><Polygon POINTS="2162 2788 396 2788 368 2794 368 2838 368 2857 2184 2849 2184 2838 2178 2818 2162 2788"/></Shape>
	    <String CONTENT="you than being in time for any other girl in the world. Don&#39;t cry, my dear. If it&#39;s"
                    HPOS="368"
                    VPOS="2788"
                    WIDTH="1816"
                    HEIGHT="69"></String>
          </TextLine>

          
          
          <TextLine ID="eSc_line_594e8c7b"
                    TAGREFS="LT752"
                    BASELINE="368 2901 2181 2901" 
                    HPOS="368"
                    VPOS="2854"
                    WIDTH="1813"
                    HEIGHT="61">
            <Shape><Polygon POINTS="371 2876 368 2901 368 2915 2181 2915 2181 2901 2181 2854 385 2854 371 2876"/></Shape>
	    <String CONTENT="for me, I&#39;m a hard nut to crack, and I take it standing up. If that other fellow"
                    HPOS="368"
                    VPOS="2854"
                    WIDTH="1813"
                    HEIGHT="61"></String>
          </TextLine>

          
          
          <TextLine ID="eSc_line_17cc3a8c"
                    TAGREFS="LT752"
                    BASELINE="368 2967 2181 2961" 
                    HPOS="365"
                    VPOS="2904"
                    WIDTH="1816"
                    HEIGHT="79">
            <Shape><Polygon POINTS="2159 2915 1276 2904 1273 2904 1193 2917 385 2906 382 2906 379 2906 376 2906 365 2915 368 2967 368 2983 2178 2978 2181 2961 2178 2959 2159 2915"/></Shape>
	    <String CONTENT="doesn&#39;t know his happiness, well, he&#39;d better look for it soon, or he&#39;Il have to"
                    HPOS="365"
                    VPOS="2904"
                    WIDTH="1816"
                    HEIGHT="79"></String>
          </TextLine>

          
        </TextBlock>
        

        
      </PrintSpace>
    </Page>
  </Layout>
</alto>
