<?xml version="1.0" encoding="UTF-8"?>
<alto xmlns:xsi="http://www.w3.org/2001/XMLSchema-instance"
      xmlns="http://www.loc.gov/standards/alto/ns-v4#"
      xsi:schemaLocation="http://www.loc.gov/standards/alto/ns-v4# http://www.loc.gov/standards/alto/v4/alto-4-2.xsd">
  <Description>
    <MeasurementUnit>pixel</MeasurementUnit>
    <sourceImageInformation>
      <fileName>05dracula.pdf_page_52.png</fileName>
      
    </sourceImageInformation>
  </Description>
  
  <Tags>
    <OtherTag ID="BT1768" LABEL="MainZone" DESCRIPTION="block type MainZone"/><OtherTag ID="BT1769" LABEL="NumberingZone:page" DESCRIPTION="block type NumberingZone:page"/><OtherTag ID="BT1" LABEL="Title" DESCRIPTION="block type Title"/>
    <OtherTag ID="LT751" LABEL="HeadingLine" DESCRIPTION="line type HeadingLine"/><OtherTag ID="LT752" LABEL="DefaultLine" DESCRIPTION="line type DefaultLine"/>
  </Tags>
  
  <Layout>
    <Page WIDTH="2550"
          HEIGHT="3300"
          PHYSICAL_IMG_NR="51"
          ID="eSc_dummypage_">
      <PrintSpace HPOS="0"
                  VPOS="0"
                  WIDTH="2550"
                  HEIGHT="3300">
        
        <TextBlock HPOS="372"
                   VPOS="241"
                   WIDTH="1827"
                   HEIGHT="2736"
                   ID="eSc_textblock_6856d504"
                   TAGREFS="BT1768">
          <Shape><Polygon POINTS="372 241 372 2977 2199 2977 2187 287"/></Shape>
          
          
          <TextLine ID="eSc_line_34c71e16"
                    TAGREFS="LT752"
                    BASELINE="470 352 885 352" 
                    HPOS="470"
                    VPOS="299"
                    WIDTH="415"
                    HEIGHT="69">
            <Shape><Polygon POINTS="827 308 800 308 772 305 745 305 717 305 690 305 662 302 635 302 607 302 580 302 563 299 495 299 470 313 470 352 470 368 885 368 885 352 877 324 855 308"/></Shape>
	    <String CONTENT="My dearest Mina,"
                    HPOS="470"
                    VPOS="299"
                    WIDTH="415"
                    HEIGHT="69"></String>
          </TextLine>

          
          
          <TextLine ID="eSc_line_23c0c69c"
                    TAGREFS="LT752"
                    BASELINE="470 470 2181 475" 
                    HPOS="467"
                    VPOS="420"
                    WIDTH="1714"
                    HEIGHT="66">
            <Shape><Polygon POINTS="2170 426 896 420 880 420 852 420 825 420 797 420 770 420 742 420 715 420 687 420 660 420 632 420 605 420 577 420 550 420 522 420 495 420 470 429 470 470 467 481 2175 486 2181 475 2173 429 2170 426"/></Shape>
	    <String CONTENT="Thanks, and thanks, and thanks again for your sweet letter. It was so nice"
                    HPOS="467"
                    VPOS="420"
                    WIDTH="1714"
                    HEIGHT="66"></String>
          </TextLine>

          
          
          <TextLine ID="eSc_line_86e03bb2"
                    TAGREFS="LT752"
                    BASELINE="365 541 1482 541" 
                    HPOS="363"
                    VPOS="495"
                    WIDTH="1116"
                    HEIGHT="57">
            <Shape><Polygon POINTS="363 552 1479 552 1479 539 1479 495 363 495 363 539"/></Shape>
	    <String CONTENT="to be able to tell you and to have your sympathy."
                    HPOS="363"
                    VPOS="495"
                    WIDTH="1116"
                    HEIGHT="57"></String>
          </TextLine>

          
          
          <TextLine ID="eSc_line_c4993778"
                    TAGREFS="LT752"
                    BASELINE="470 660 2184 660" 
                    HPOS="470"
                    VPOS="607"
                    WIDTH="1714"
                    HEIGHT="69">
            <Shape><Polygon POINTS="2148 616 2120 616 2093 616 2065 616 2038 616 2010 616 1983 616 1955 616 1928 616 1900 616 1873 616 1845 616 1818 616 1790 616 1763 616 1741 613 1611 613 1598 613 1570 613 1543 613 1515 613 1488 613 1460 613 1433 613 1405 613 1375 613 1347 613 1334 610 1039 610 1020 610 993 610 965 610 938 610 932 607 495 607 470 621 470 660 470 676 2184 676 2184 660 2184 616 2175 613 2175 616"/></Shape>
	    <String CONTENT=" My dear, it never rains but it pours. How true the old proverbs are. Here"
                    HPOS="470"
                    VPOS="607"
                    WIDTH="1714"
                    HEIGHT="69"></String>
          </TextLine>

          
          
          <TextLine ID="eSc_line_5ad1d54e"
                    TAGREFS="LT752"
                    BASELINE="365 728 2181 728" 
                    HPOS="363"
                    VPOS="676"
                    WIDTH="1815"
                    HEIGHT="63">
            <Shape><Polygon POINTS="363 726 363 739 2178 739 2178 726 2175 676 363 679 363 726"/></Shape>
	    <String CONTENT=" am I, who shall be twenty in September, and yet I never had a proposal till"
                    HPOS="363"
                    VPOS="676"
                    WIDTH="1815"
                    HEIGHT="63"></String>
          </TextLine>

          
          
          <TextLine ID="eSc_line_95d8cf15"
                    TAGREFS="LT752"
                    BASELINE="368 792 2184 792" 
                    HPOS="368"
                    VPOS="745"
                    WIDTH="1816"
                    HEIGHT="63">
            <Shape><Polygon POINTS="368 792 368 808 2184 808 2184 792 2184 745 368 745 368 792"/></Shape>
	    <String CONTENT="today, not a real proposal, and today I had three. Just fancy! Three proposals in"
                    HPOS="368"
                    VPOS="745"
                    WIDTH="1816"
                    HEIGHT="63"></String>
          </TextLine>

          
          
          <TextLine ID="eSc_line_2cdfedfb"
                    TAGREFS="LT752"
                    BASELINE="368 858 2184 852" 
                    HPOS="365"
                    VPOS="805"
                    WIDTH="1819"
                    HEIGHT="66">
            <Shape><Polygon POINTS="368 871 2181 866 2184 852 2175 805 365 808 368 858"/></Shape>
	    <String CONTENT="one day! Isn&#39;t it awful! I feel sorry, really and truly sorry, for two of the poor"
                    HPOS="365"
                    VPOS="805"
                    WIDTH="1819"
                    HEIGHT="66"></String>
          </TextLine>

          
          
          <TextLine ID="eSc_line_8cca700d"
                    TAGREFS="LT752"
                    BASELINE="368 921 2181 921" 
                    HPOS="368"
                    VPOS="874"
                    WIDTH="1813"
                    HEIGHT="61">
            <Shape><Polygon POINTS="368 921 368 935 2181 935 2181 921 2162 874 368 874 368 921"/></Shape>
	    <String CONTENT="fellows. Oh, Mina, I am so happy that I dont know what to do with myself."
                    HPOS="368"
                    VPOS="874"
                    WIDTH="1813"
                    HEIGHT="61"></String>
          </TextLine>

          
          
          <TextLine ID="eSc_line_e3130d4c"
                    TAGREFS="LT752"
                    BASELINE="368 987 2178 981" 
                    HPOS="365"
                    VPOS="924"
                    WIDTH="1813"
                    HEIGHT="77">
            <Shape><Polygon POINTS="1270 924 1268 924 1265 924 1240 937 387 926 385 926 382 926 379 926 365 935 368 987 368 1001 2175 995 2178 981 2173 937 1273 924 1270 924"/></Shape>
	    <String CONTENT="And three proposals! But, for goodness&#39; sake, don&#39;t tell any of the girls, or they"
                    HPOS="365"
                    VPOS="924"
                    WIDTH="1813"
                    HEIGHT="77"></String>
          </TextLine>

          
          
          <TextLine ID="eSc_line_9d61f193"
                    TAGREFS="LT752"
                    BASELINE="371 1050 2181 1045" 
                    HPOS="368"
                    VPOS="1001"
                    WIDTH="1813"
                    HEIGHT="63">
            <Shape><Polygon POINTS="371 1050 371 1064 2178 1058 2181 1045 2162 1001 368 1003 371 1050"/></Shape>
	    <String CONTENT="would be getting all sorts of extravagant ideas, and imagining themselves"
                    HPOS="368"
                    VPOS="1001"
                    WIDTH="1813"
                    HEIGHT="63"></String>
          </TextLine>

          
          
          <TextLine ID="eSc_line_c29aeb68"
                    TAGREFS="LT752"
                    BASELINE="368 1116 2192 1116" 
                    HPOS="368"
                    VPOS="1064"
                    WIDTH="1824"
                    HEIGHT="66">
            <Shape><Polygon POINTS="368 1116 368 1130 2192 1130 2192 1116 2192 1067 368 1064 368 1116"/></Shape>
	    <String CONTENT="injured and slighted if in their very first day at home they did not get six at least."
                    HPOS="368"
                    VPOS="1064"
                    WIDTH="1824"
                    HEIGHT="66"></String>
          </TextLine>

          
          
          <TextLine ID="eSc_line_f083ac81"
                    TAGREFS="LT752"
                    BASELINE="368 1182 2178 1182" 
                    HPOS="368"
                    VPOS="1133"
                    WIDTH="1810"
                    HEIGHT="63">
            <Shape><Polygon POINTS="368 1182 368 1193 2175 1196 2178 1182 2178 1133 368 1133 368 1182"/></Shape>
	    <String CONTENT=" Some girls are so vain! You and I, Mina dear, who are engaged and are going"
                    HPOS="368"
                    VPOS="1133"
                    WIDTH="1810"
                    HEIGHT="63"></String>
          </TextLine>

          
          
          <TextLine ID="eSc_line_9e61fb59"
                    TAGREFS="LT752"
                    BASELINE="368 1243 2178 1243" 
                    HPOS="368"
                    VPOS="1190"
                    WIDTH="1810"
                    HEIGHT="69">
            <Shape><Polygon POINTS="368 1243 368 1259 2178 1259 2178 1243 2175 1190 368 1193 368 1243"/></Shape>
	    <String CONTENT="to settle down soon soberly into old married women, can despise vanity. Well, I"
                    HPOS="368"
                    VPOS="1190"
                    WIDTH="1810"
                    HEIGHT="69"></String>
          </TextLine>

          
          
          <TextLine ID="eSc_line_5347b450"
                    TAGREFS="LT752"
                    BASELINE="368 1309 2181 1309" 
                    HPOS="368"
                    VPOS="1262"
                    WIDTH="1813"
                    HEIGHT="63">
            <Shape><Polygon POINTS="368 1309 368 1325 2181 1325 2181 1309 2162 1262 368 1262 368 1309"/></Shape>
	    <String CONTENT="must tell you about the three, but you must keep it a secret, dear, from every"
                    HPOS="368"
                    VPOS="1262"
                    WIDTH="1813"
                    HEIGHT="63"></String>
          </TextLine>

          
          
          <TextLine ID="eSc_line_646a1e9b"
                    TAGREFS="LT752"
                    BASELINE="368 1375 2181 1369" 
                    HPOS="365"
                    VPOS="1311"
                    WIDTH="1816"
                    HEIGHT="77">
            <Shape><Polygon POINTS="1268 1311 1265 1311 1218 1325 610 1314 607 1314 365 1328 368 1375 368 1388 2178 1383 2181 1369 2159 1322 1270 1311 1268 1311"/></Shape>
	    <String CONTENT="one except, of course, Jonathan. You will tell him, because I would, if I were in"
                    HPOS="365"
                    VPOS="1311"
                    WIDTH="1816"
                    HEIGHT="77"></String>
          </TextLine>

          
          
          <TextLine ID="eSc_line_937f1779"
                    TAGREFS="LT752"
                    BASELINE="371 1441 2186 1441" 
                    HPOS="371"
                    VPOS="1391"
                    WIDTH="1815"
                    HEIGHT="69">
            <Shape><Polygon POINTS="371 1441 371 1460 2186 1454 2186 1441 2164 1391 371 1391 371 1441"/></Shape>
	    <String CONTENT="your place, certainly tell Arthur. A woman ought to tell her husband everything."
                    HPOS="371"
                    VPOS="1391"
                    WIDTH="1815"
                    HEIGHT="69"></String>
          </TextLine>

          
          
          <TextLine ID="eSc_line_d9fd183a"
                    TAGREFS="LT752"
                    BASELINE="368 1498 2181 1504" 
                    HPOS="365"
                    VPOS="1443"
                    WIDTH="1816"
                    HEIGHT="72">
            <Shape><Polygon POINTS="368 1498 365 1512 2175 1515 2181 1504 2162 1454 368 1443 368 1498"/></Shape>
	    <String CONTENT="Don&#39;t vou think so, dear? And I must be fair. Men like women, certainly their"
                    HPOS="365"
                    VPOS="1443"
                    WIDTH="1816"
                    HEIGHT="72"></String>
          </TextLine>

          
          
          <TextLine ID="eSc_line_ebf7fa16"
                    TAGREFS="LT752"
                    BASELINE="371 1570 2178 1562" 
                    HPOS="368"
                    VPOS="1518"
                    WIDTH="1810"
                    HEIGHT="66">
            <Shape><Polygon POINTS="371 1570 371 1584 2175 1575 2178 1562 2170 1518 368 1520 371 1570"/></Shape>
	    <String CONTENT="wives, to be quite as fair as they are. And women, I am afraid, are not always"
                    HPOS="368"
                    VPOS="1518"
                    WIDTH="1810"
                    HEIGHT="66"></String>
          </TextLine>

          
          
          <TextLine ID="eSc_line_18a43fe1"
                    TAGREFS="LT752"
                    BASELINE="368 1633 1064 1633" 
                    HPOS="368"
                    VPOS="1586"
                    WIDTH="696"
                    HEIGHT="61">
            <Shape><Polygon POINTS="368 1633 368 1647 1064 1647 1064 1633 1064 1586 368 1586 368 1633"/></Shape>
	    <String CONTENT=" quite as fair as they should be."
                    HPOS="368"
                    VPOS="1586"
                    WIDTH="696"
                    HEIGHT="61"></String>
          </TextLine>

          
          
          <TextLine ID="eSc_line_b1cd73cd"
                    TAGREFS="LT752"
                    BASELINE="473 1751 2178 1757" 
                    HPOS="470"
                    VPOS="1707"
                    WIDTH="1708"
                    HEIGHT="61">
            <Shape><Polygon POINTS="1821 1707 1793 1707 1766 1707 1738 1707 1711 1707 1683 1707 1655 1707 1628 1707 1600 1707 1573 1707 1545 1707 1518 1707 1490 1707 1463 1707 1435 1707 1408 1707 1380 1707 1353 1707 1325 1707 1298 1707 1270 1707 1243 1707 1215 1707 1188 1707 1160 1707 1133 1707 1105 1707 1078 1707 1050 1707 1023 1707 995 1707 968 1707 940 1707 913 1707 885 1707 858 1707 830 1707 803 1707 775 1707 748 1707 720 1707 693 1707 665 1707 638 1707 610 1707 583 1707 555 1707 528 1707 500 1707 473 1707 473 1751 470 1762 2173 1768 2178 1757 2175 1710 1834 1707 1821 1707"/></Shape>
	    <String CONTENT="Well, my dear, number One came just before lunch. I told you of him, Dr."
                    HPOS="470"
                    VPOS="1707"
                    WIDTH="1708"
                    HEIGHT="61"></String>
          </TextLine>

          
          
          <TextLine ID="eSc_line_3305956f"
                    TAGREFS="LT752"
                    BASELINE="365 1820 2178 1815" 
                    HPOS="363"
                    VPOS="1765"
                    WIDTH="1815"
                    HEIGHT="69">
            <Shape><Polygon POINTS="365 1820 365 1834 2175 1834 2178 1815 2170 1765 363 1773 365 1820"/></Shape>
	    <String CONTENT="John Seward, the lunatic asylum man, with the strong jaw and the good"
                    HPOS="363"
                    VPOS="1765"
                    WIDTH="1815"
                    HEIGHT="69"></String>
          </TextLine>

          
          
          <TextLine ID="eSc_line_b499e037"
                    TAGREFS="LT752"
                    BASELINE="368 1886 2181 1886" 
                    HPOS="368"
                    VPOS="1837"
                    WIDTH="1813"
                    HEIGHT="63">
            <Shape><Polygon POINTS="368 1886 368 1900 2181 1900 2181 1886 2178 1837 368 1837 368 1886"/></Shape>
	    <String CONTENT="forehead. He was very cool outwardly, but was nervous all the same. He had"
                    HPOS="368"
                    VPOS="1837"
                    WIDTH="1813"
                    HEIGHT="63"></String>
          </TextLine>

          
          
          <TextLine ID="eSc_line_df163f71"
                    TAGREFS="LT752"
                    BASELINE="365 1949 2181 1949" 
                    HPOS="365"
                    VPOS="1900"
                    WIDTH="1816"
                    HEIGHT="66">
            <Shape><Polygon POINTS="365 1922 365 1949 365 1966 2181 1966 2181 1949 2178 1900 379 1900 365 1922"/></Shape>
	    <String CONTENT="evidently been schooling himself as to all sorts of little things, and remembered"
                    HPOS="365"
                    VPOS="1900"
                    WIDTH="1816"
                    HEIGHT="66"></String>
          </TextLine>

          
          
          <TextLine ID="eSc_line_845bb167"
                    TAGREFS="LT752"
                    BASELINE="365 2015 2184 2015" 
                    HPOS="365"
                    VPOS="1969"
                    WIDTH="1819"
                    HEIGHT="60">
            <Shape><Polygon POINTS="365 2015 365 2029 2184 2029 2184 2015 2184 1969 365 1969 365 2015"/></Shape>
	    <String CONTENT="them, but he almost managed to sit down on his silk hat, which men don&#39;t"
                    HPOS="365"
                    VPOS="1969"
                    WIDTH="1819"
                    HEIGHT="60"></String>
          </TextLine>

          
          
          <TextLine ID="eSc_line_7e77ea9c"
                    TAGREFS="LT752"
                    BASELINE="371 2081 2184 2076" 
                    HPOS="368"
                    VPOS="2029"
                    WIDTH="1816"
                    HEIGHT="72">
            <Shape><Polygon POINTS="371 2081 371 2101 2181 2087 2184 2076 2175 2029 368 2032 371 2081"/></Shape>
	    <String CONTENT="generally do when they are cool, and then when he wanted to appear at ease he"
                    HPOS="368"
                    VPOS="2029"
                    WIDTH="1816"
                    HEIGHT="72"></String>
          </TextLine>

          
          
          <TextLine ID="eSc_line_ea858bb0"
                    TAGREFS="LT752"
                    BASELINE="368 2145 2184 2145" 
                    HPOS="368"
                    VPOS="2090"
                    WIDTH="1816"
                    HEIGHT="68">
            <Shape><Polygon POINTS="368 2145 368 2158 2184 2158 2184 2145 2184 2098 368 2090 368 2145"/></Shape>
	    <String CONTENT="kept playing with a lancet in a way that made me nearly scream. He spoke to"
                    HPOS="368"
                    VPOS="2090"
                    WIDTH="1816"
                    HEIGHT="68"></String>
          </TextLine>

          
          
          <TextLine ID="eSc_line_6642963c"
                    TAGREFS="LT752"
                    BASELINE="368 2211 2181 2205" 
                    HPOS="365"
                    VPOS="2158"
                    WIDTH="1816"
                    HEIGHT="64">
            <Shape><Polygon POINTS="368 2211 368 2222 2178 2216 2181 2205 2173 2158 365 2161 368 2211"/></Shape>
	    <String CONTENT="me, Mina, very straightforwardly, He told me how dear I was to him, though he"
                    HPOS="365"
                    VPOS="2158"
                    WIDTH="1816"
                    HEIGHT="64"></String>
          </TextLine>

          
          
          <TextLine ID="eSc_line_8ea90193"
                    TAGREFS="LT752"
                    BASELINE="368 2271 2181 2266" 
                    HPOS="365"
                    VPOS="2224"
                    WIDTH="1816"
                    HEIGHT="61">
            <Shape><Polygon POINTS="368 2271 368 2285 2178 2279 2181 2266 2175 2224 365 2224 368 2271"/></Shape>
	    <String CONTENT="had known me so little, and what his life would be with me to help and cheer"
                    HPOS="365"
                    VPOS="2224"
                    WIDTH="1816"
                    HEIGHT="61"></String>
          </TextLine>

          
          
          <TextLine ID="eSc_line_d9ae1034"
                    TAGREFS="LT752"
                    BASELINE="368 2337 2184 2337" 
                    HPOS="368"
                    VPOS="2285"
                    WIDTH="1816"
                    HEIGHT="66">
            <Shape><Polygon POINTS="368 2337 368 2351 2184 2351 2184 2337 2184 2290 368 2285 368 2337"/></Shape>
	    <String CONTENT="him. He was going to tell me how unhappy he would be if I did not care for"
                    HPOS="368"
                    VPOS="2285"
                    WIDTH="1816"
                    HEIGHT="66"></String>
          </TextLine>

          
          
          <TextLine ID="eSc_line_3488648b"
                    TAGREFS="LT752"
                    BASELINE="368 2400 2178 2400" 
                    HPOS="368"
                    VPOS="2356"
                    WIDTH="1810"
                    HEIGHT="61">
            <Shape><Polygon POINTS="368 2378 368 2400 368 2417 2178 2417 2178 2400 2178 2356 385 2356 368 2378"/></Shape>
	    <String CONTENT="him, but when he saw me cry he said he was a brute and would not add to my"
                    HPOS="368"
                    VPOS="2356"
                    WIDTH="1810"
                    HEIGHT="61"></String>
          </TextLine>

          
          
          <TextLine ID="eSc_line_2688c2d2"
                    TAGREFS="LT752"
                    BASELINE="368 2469 2181 2464" 
                    HPOS="365"
                    VPOS="2406"
                    WIDTH="1816"
                    HEIGHT="82">
            <Shape><Polygon POINTS="368 2469 368 2488 2178 2477 2181 2464 2175 2414 643 2406 640 2406 365 2420 368 2469"/></Shape>
	    <String CONTENT="present trouble. Then he broke off and asked if I could love him in time, and"
                    HPOS="365"
                    VPOS="2406"
                    WIDTH="1816"
                    HEIGHT="82"></String>
          </TextLine>

          
          
          <TextLine ID="eSc_line_61233945"
                    TAGREFS="LT752"
                    BASELINE="371 2532 2181 2527" 
                    HPOS="368"
                    VPOS="2469"
                    WIDTH="1813"
                    HEIGHT="77">
            <Shape><Polygon POINTS="371 2532 371 2546 2178 2541 2181 2527 2175 2483 1276 2469 1273 2469 1158 2483 412 2472 409 2472 407 2472 368 2483 371 2532"/></Shape>
	    <String CONTENT="when I shook my head his hands trembled, and then with some hesitation he"
                    HPOS="368"
                    VPOS="2469"
                    WIDTH="1813"
                    HEIGHT="77"></String>
          </TextLine>

          
          
          <TextLine ID="eSc_line_9018474c"
                    TAGREFS="LT752"
                    BASELINE="368 2596 2184 2596" 
                    HPOS="368"
                    VPOS="2549"
                    WIDTH="1816"
                    HEIGHT="60">
            <Shape><Polygon POINTS="368 2596 368 2609 2184 2609 2184 2596 2184 2549 368 2549 368 2596"/></Shape>
	    <String CONTENT="asked me if I cared already for any one else. He put it very nicely, saying that"
                    HPOS="368"
                    VPOS="2549"
                    WIDTH="1816"
                    HEIGHT="60"></String>
          </TextLine>

          
          
          <TextLine ID="eSc_line_d2183da2"
                    TAGREFS="LT752"
                    BASELINE="365 2662 2184 2662" 
                    HPOS="365"
                    VPOS="2607"
                    WIDTH="1819"
                    HEIGHT="68">
            <Shape><Polygon POINTS="365 2662 365 2675 2184 2675 2184 2662 2181 2607 365 2609 365 2662"/></Shape>
	    <String CONTENT="he did not want to wring my confidence from me, but only to know, because if"
                    HPOS="365"
                    VPOS="2607"
                    WIDTH="1819"
                    HEIGHT="68"></String>
          </TextLine>

          
          
          <TextLine ID="eSc_line_c56694d3"
                    TAGREFS="LT752"
                    BASELINE="365 2725 2184 2719" 
                    HPOS="363"
                    VPOS="2675"
                    WIDTH="1821"
                    HEIGHT="66">
            <Shape><Polygon POINTS="365 2725 365 2741 2181 2736 2184 2719 2175 2675 363 2678 365 2725"/></Shape>
	    <String CONTENT="a woman&#39;s heart was free a man might have hope. And then, Mina, I felt a sort"
                    HPOS="363"
                    VPOS="2675"
                    WIDTH="1821"
                    HEIGHT="66"></String>
          </TextLine>

          
          
          <TextLine ID="eSc_line_8033ad61"
                    TAGREFS="LT752"
                    BASELINE="368 2788 2181 2788" 
                    HPOS="368"
                    VPOS="2744"
                    WIDTH="1813"
                    HEIGHT="61">
            <Shape><Polygon POINTS="368 2788 368 2805 2181 2805 2181 2788 2181 2744 368 2744 368 2788"/></Shape>
	    <String CONTENT="of duty to tell him that there was some one. I only told him that much, and then"
                    HPOS="368"
                    VPOS="2744"
                    WIDTH="1813"
                    HEIGHT="61"></String>
          </TextLine>

          
          
          <TextLine ID="eSc_line_cface0dd"
                    TAGREFS="LT752"
                    BASELINE="368 2857 2178 2857" 
                    HPOS="368"
                    VPOS="2799"
                    WIDTH="1810"
                    HEIGHT="72">
            <Shape><Polygon POINTS="368 2857 368 2871 2178 2871 2178 2857 2178 2810 368 2799 368 2857"/></Shape>
	    <String CONTENT="he stood up, and he looked very strong and very grave as he took both my"
                    HPOS="368"
                    VPOS="2799"
                    WIDTH="1810"
                    HEIGHT="72"></String>
          </TextLine>

          
          
          <TextLine ID="eSc_line_1b742402"
                    TAGREFS="LT752"
                    BASELINE="368 2920 2181 2915" 
                    HPOS="365"
                    VPOS="2868"
                    WIDTH="1816"
                    HEIGHT="69">
            <Shape><Polygon POINTS="368 2920 368 2937 2178 2937 2181 2915 2175 2871 365 2868 368 2920"/></Shape>
	    <String CONTENT="hands in his and said he hoped I would be happy, and that If I ever wanted a"
                    HPOS="365"
                    VPOS="2868"
                    WIDTH="1816"
                    HEIGHT="69"></String>
          </TextLine>

          
        </TextBlock>
        
        <TextBlock HPOS="185"
                   VPOS="428"
                   WIDTH="5"
                   HEIGHT="5"
                   ID="eSc_textblock_91518a15"
                   >
          <Shape><Polygon POINTS="185 428 185 433 190 433 190 428"/></Shape>
          
        </TextBlock>
        

        
        <TextBlock ID="eSc_dummyblock_">
          
          
          <TextLine ID="eSc_line_4cf2aadf"
                    TAGREFS="LT752"
                    BASELINE="371 2986 1276 2981" 
                    HPOS="368"
                    VPOS="2923"
                    WIDTH="908"
                    HEIGHT="77">
            <Shape><Polygon POINTS="1254 2934 819 2923 816 2923 368 2937 371 2986 371 3000 1276 2994 1276 2981 1273 2978 1254 2934"/></Shape>
	    <String CONTENT="friend I must count him one of my best."
                    HPOS="368"
                    VPOS="2923"
                    WIDTH="908"
                    HEIGHT="77"></String>
          </TextLine>

          
        </TextBlock>
        
      </PrintSpace>
    </Page>
  </Layout>
</alto>
